token,coefficient
miniatures,3.07596668647052
cthulhu,2.7576131665210366
residency,2.6000205219625743
smartest,2.312214157566906
thesis,2.2372348663449775
burning,2.197497259947437
titanium,2.1808063029141667
pathfinder,2.1677477249536437
degree,2.1334685805351956
smallest,2.1054925412184877
lovecraft,2.0695923781361008
pens,2.069125195097061
brewing,1.973141509251261
raspberry,1.966033704880524
watches,1.9293218547638273
anthology,1.9261003430551373
headphones,1.8517043536547877
printer,1.8466374488162902
reinvented,1.815608234210959
sketchbook,1.7720338236525532
zine,1.7499868498056625
ethical,1.7453018287491915
roleplaying,1.7450296545322823
wearable,1.734742988183311
stretch,1.720409141840252
smart,1.7027610315636812
arctic,1.699562334108025
miniature,1.6955457471082227
mechanical,1.6398091407837365
deluxe,1.6110015771437047
watch,1.5952516035469195
desktop,1.594873188158725
sxsw,1.5822537764221947
letterpress,1.5618702037697199
finishing,1.5504838491069475
installation,1.5478887508208354
brooklyn,1.5465255314366175
dress,1.546178483554193
archive,1.546117017234411
nudes,1.5390856490085874
backpack,1.5325262868616094
ensemble,1.5292929307675325
dice,1.526196193028494
edition,1.5151763221213854
cocktail,1.5131923059633174
slim,1.5052459989867175
jacket,1.4911189643438076
socks,1.4699654965423523
artbook,1.4639215410422142
storytelling,1.452721858672575
core,1.452611758040258
quartet,1.4507868657748477
cable,1.4463934814623571
relaunch,1.438420823374392
camera,1.4368595838068503
amy,1.4320506760985754
duo,1.4284697228162004
underwear,1.4255358565929002
portland,1.4181902400860704
sunglasses,1.4174932824665392
pen,1.4066034689625768
savage,1.393285021935902
robotics,1.3906191814581763
cycling,1.3843974711308176
quarterly,1.3750851625027647
arduino,1.373447123973284
exhibition,1.3626302709124654
edinburgh,1.3542858011286738
wireless,1.354100400465065
modular,1.3401942326419392
queer,1.3228392493283816
volume,1.3103578950086283
enamel,1.3038736052939515
smarter,1.3021461294887502
cast,1.2902388660541386
powerful,1.2801678296700374
brass,1.2798234495449021
hardcover,1.279821762862122
record,1.274806327395691
connected,1.2685187096774806
advanced,1.2610378887219442
emily,1.2608317595992447
hello,1.257666859539435
mural,1.2557740856906083
charging,1.2549487324539854
terrain,1.254054114927701
module,1.2538070700997361
folding,1.25206252992858
bowls,1.2405080319951352
cameras,1.2247938394085527
katie,1.2218125695704436
denim,1.2179305375315947
robot,1.2125192134384726
sensor,1.210181212972329
berlin,1.2094574254707162
bluetooth,1.2086219673321832
wifi,1.2082564053864235
rfid,1.192783133311
tarot,1.1873214226413789
sarah,1.1869756972175518
jane,1.1762509272439396
makes,1.1744010750323386
built,1.1711739349428076
atlas,1.168332517316259
sf,1.1645416937585022
oak,1.1621356447097466
magnetic,1.1507885326174794
wallets,1.1490979652883366
women,1.142095376829816
field,1.1401801874575777
comfortable,1.1381024362522967
matt,1.1371025863700546
belt,1.1360153236295578
new,1.1333402531857473
graduate,1.124147138039652
dungeon,1.1240950077506489
season,1.1236840661088474
issue,1.1209639532440474
carry,1.1178178268183177
pedal,1.1164212522968682
rings,1.1139362196191582
pants,1.1131484368640328
photographs,1.112367398088989
half,1.111553456239313
narrative,1.1072207301252779
length,1.105907111956783
fiber,1.1052705818189317
wallet,1.103859354713127
versatile,1.1006163481030447
chamber,1.0995995850042928
present,1.0962251379535313
farm,1.0869588222233528
playing,1.0864107340074876
trek,1.0821509702062835
redefining,1.0771474988987988
post,1.0720499916907915
sleep,1.069078019752242
usb,1.066427589106068
premiere,1.0638037586166058
creature,1.0589067418282494
tabletop,1.0561769787066033
jeans,1.0531450466265968
climate,1.0504269823127683
gbs,1.044457733213182
unicorn,1.0438338355090173
anna,1.04164771465572
edc,1.040340022302961
compatible,1.0327296239325419
smith,1.0284212099582066
handcrafted,1.0270005628252372
sea,1.0265464689114396
footwear,1.0243362184245148
grow,1.0209890097827488
caf,1.018500693090568
compact,1.0137689260817166
coins,1.0128356599947284
charger,1.012153347260466
double,1.010665117917686
temple,1.0102361381489118
mug,1.0074208706438328
press,1.0032894118868008
gender,1.0018207965306614
oracle,1.0014791361925424
knife,1.000188667563827
vermont,0.9983385816544889
near,0.9888206404382608
japanese,0.9873198681322461
dan,0.9842531468470869
april,0.9819617118320871
mason,0.9817105033954022
plate,0.9803165005189631
birds,0.9736461136239156
premium,0.9690960568071193
plush,0.9680346792719022
minimalist,0.9665695385959744
iron,0.9640076079959534
boston,0.9634642528664318
orleans,0.9615335311967452
tracking,0.9567315163121591
lab,0.9552261197176913
steps,0.954168670680503
keychain,0.9532627703715607
battery,0.9498440300374048
waterproof,0.9455689897102357
vol,0.9436154625840578
debut,0.9423203192446885
architecture,0.942288148330989
desk,0.9404383920642632
spinning,0.9384987896147866
fringe,0.937950029893858
robin,0.9379262274697409
collective,0.9370193790788225
storage,0.9355874255260362
spark,0.9321833057501483
mm,0.9261401515297855
fair,0.9252290474647799
circus,0.9240601680640683
illustrated,0.9230671573043703
swiss,0.9185369536233224
ben,0.9182340177144456
sugar,0.9162303023719848
grace,0.9157609268982013
yarn,0.9126621083133525
richard,0.9114742350800998
expansion,0.9092406601529531
keyboard,0.9074602444423421
orchestra,0.9018556281533168
bike,0.8990602175662912
artisan,0.8989153559891796
anniversary,0.8983779863160826
send,0.8930873170745747
ground,0.8929710369746445
dave,0.8921485902471055
minimal,0.8900750345441995
places,0.8891355224658548
presents,0.888279573293927
proof,0.8879418430483959
loop,0.8871779258660984
visual,0.8849236700197796
smartphone,0.8840129538877406
designers,0.8837447429493618
rare,0.880307310259877
film,0.8800710447520103
masters,0.8778214542045842
returns,0.876233063190222
documenting,0.8760540856862378
goes,0.8758955911449152
iot,0.8756146868880403
fine,0.8733833275064119
francisco,0.872392735768995
pencil,0.8722836194599831
notebook,0.8708958943602105
mark,0.869679478400577
peter,0.8693068779841674
cookbook,0.8651531457016424
mighty,0.8638452278944082
threads,0.8622522300177492
dust,0.8595665345831619
solo,0.8585487052729659
figures,0.8578476182522745
doc,0.8552537122334762
board,0.8507036903503781
performance,0.8506714361684268
vegan,0.8506032501583969
focus,0.8504834591041325
rpg,0.8498731925234021
eric,0.8492460013847768
sean,0.8486380798841764
course,0.8442539546492597
charge,0.842862065741604
hall,0.8424724871087876
zero,0.8390458053154516
folk,0.8348173986038616
kickstarter,0.8338497030123688
book,0.8319371085033793
portrait,0.8298505600190771
speaker,0.8283454062174506
strangers,0.8281292219147248
frank,0.8280222521238841
shoes,0.8251426773502802
detroit,0.825105479181382
yoga,0.8186105002277331
ultra,0.8168505447290457
kitchen,0.816414676539073
noir,0.8163294516293254
goods,0.8159458230050168
drawing,0.8159333077999057
truly,0.8142709752328524
exchange,0.8140433973121417
shorts,0.8119906028553464
japan,0.8115901876472347
dc,0.8101212669597518
cabaret,0.807052495316237
yes,0.803415808524748
automatic,0.8028516373983917
library,0.8022551719206388
sustainable,0.7978846139453505
ideas,0.796668317037454
kelly,0.7961174928127167
album,0.7943691905566138
museum,0.791644095420682
maps,0.7875839961529559
incredible,0.7868835474738973
identity,0.7856079561469029
pocket,0.7851899277812204
science,0.7842619218413066
portable,0.7837264079351594
designed,0.781385112281109
cards,0.7811716365780449
collaboration,0.7809918532077366
maine,0.779791788905702
aaron,0.7795097340305727
punk,0.7794705035816839
leather,0.7792445318071994
tracker,0.7776271283597782
frontier,0.7769021622752889
bold,0.7754065054871251
du,0.7753302162185974
whiskey,0.7751293687011416
rest,0.7735726925228472
everyday,0.7698624195092801
josh,0.7678942201764213
cuba,0.7678105084383375
nyc,0.7659280449496954
charlie,0.7656006238133249
salt,0.765502924665369
june,0.7647570945538567
steve,0.7636014571874461
penny,0.7613752448443172
maker,0.7608634324669897
devices,0.7590950231577331
smartphones,0.756516998312404
type,0.7564673673750469
acoustic,0.7548597893452224
companion,0.7522113508939756
scout,0.7516889634409792
invisible,0.7509054089563513
slow,0.7494414239548849
turn,0.7486974213895968
ocean,0.747752023570073
short,0.7460014599570609
derby,0.7453699376859613
th,0.7453259946615696
fi,0.7443732094258104
lens,0.7432947627130443
ultimate,0.7395573853162212
rabbit,0.7393654904988323
village,0.7384850409380426
bright,0.736017168355396
cold,0.7358364321773112
eagle,0.7353319580283606
pan,0.7306578949923036
rd,0.7305557829335968
dear,0.7251117521513192
oven,0.7241104884752589
paper,0.7222578164700627
fantasy,0.720246740529141
union,0.7197445099967087
alphabet,0.718470519788672
baking,0.7158705023486593
far,0.7147272912668978
keys,0.7144665002711177
wooden,0.7140849975838652
daniel,0.7130431351858729
cheese,0.7128914215497728
pins,0.7110943591905585
grown,0.7110561308007738
split,0.7104411012707457
kit,0.7098114722571995
wonder,0.7097230916681618
steampunk,0.7096922073721433
computer,0.7081963697624708
pieces,0.7072420744851327
gps,0.7070723943065375
makers,0.7054403494770124
presented,0.7050615803315645
wild,0.7040922807876757
figure,0.7040467798352898
charms,0.703362875183248
literary,0.70310038960737
girls,0.7001726842544201
martin,0.6990900979131889
works,0.6979625901530896
ii,0.6957660336038703
second,0.6941719551185069
button,0.6939419635618843
finally,0.69333920488066
north,0.6918891435479231
london,0.6900730412124206
jon,0.6880202548446065
source,0.6871037390744331
brings,0.6860315255126441
downtown,0.6860036378712319
plug,0.6850494332158
kits,0.6849461086154167
odyssey,0.684804308245595
meat,0.6839284543187988
hollow,0.6832627418239494
intelligent,0.6831034696985018
boots,0.6827669757018027
psychological,0.6825114692833232
jim,0.6823082688485954
essential,0.6811430541106285
number,0.6784993154035333
genius,0.6776005592846682
magazine,0.6773104556944771
bamboo,0.6768211446889412
control,0.6761167013695948
tea,0.6759090157043222
order,0.6745833075853321
borders,0.6740261179219659
roller,0.6732355662722732
practical,0.6724682501003396
bones,0.6720745436454933
printing,0.6713859516693159
electric,0.6704791346416006
inspired,0.6670107214068267
neighborhood,0.6669868192492273
analog,0.6646653866479397
alaska,0.6641523104367025
canada,0.6640857571311202
little,0.6617550465876372
console,0.6613283578485367
micro,0.6598400164015156
progress,0.6595111742807566
le,0.6590425609539948
parts,0.6588631554827029
meets,0.6586205181345445
players,0.6574074374504323
workshop,0.6568046781079555
sock,0.6564562026199687
finish,0.6559641698396794
del,0.6543044888217826
starring,0.6540153750522525
alice,0.6537951947853217
purpose,0.65353816487698
mouse,0.6526833920855811
san,0.6523915585188211
annual,0.6523701107621329
brave,0.6515040621193432
sun,0.6505865969475971
chris,0.6503981829005984
machine,0.6489765265067123
outside,0.6486939998965146
bags,0.6479018127273353
quality,0.6473618979880111
public,0.6466296323607593
print,0.6465625241643173
coolest,0.6455856519836607
memoir,0.6455410088960043
davis,0.6451444777337118
industrial,0.6442897306593973
dual,0.6442534162205567
mexico,0.6440706477999139
vinyl,0.6428034135891825
deck,0.642031008949094
journal,0.641911369645544
planner,0.6410961371684657
strong,0.6406365403963598
legendary,0.6404607300039089
senior,0.6392598485037109
lp,0.638470189410291
open,0.637146105586434
gold,0.6367370931114257
blocks,0.6359235285586037
year,0.6350378153864437
bars,0.6339316809843301
spaces,0.6337299776035844
bunny,0.6313272275256742
tiger,0.6311531730877702
space,0.6309325176950896
chapter,0.6299160711709546
il,0.6285611760823044
square,0.628086137618471
tale,0.6277958921542435
ma,0.6268388814271212
james,0.6263353552438485
van,0.6255103977611911
resistance,0.6204244574228532
ed,0.6170872519894055
clock,0.6166466066849295
going,0.6165794954009762
extraordinary,0.6160638878354842
celebrating,0.6149417531169855
powered,0.6119845845213652
parade,0.6115297883719838
robotic,0.6112613921090939
worship,0.6111760257569638
rocket,0.6104996270489923
deep,0.607256383285309
mouth,0.6072297704367134
summit,0.6071269960705503
horses,0.6069570334826575
bust,0.606842944657808
years,0.6066045802690644
ep,0.6057319308575404
trio,0.6052916817284317
gopro,0.6044656680434723
brian,0.6037886812268269
clay,0.602781049327806
impact,0.601713541523593
hole,0.6012788490439753
kill,0.6006980333550379
arm,0.600195336167661
models,0.599669252824606
floating,0.5987983170991229
sex,0.5978710728476586
turtle,0.5975624118368709
iii,0.5972644899188378
goodbye,0.5966368223484272
andrew,0.5956181897215131
moon,0.5954290022439115
symphony,0.5943396444276546
sleeping,0.5938835010120896
echo,0.5937516148967349
garden,0.5937031775192987
cinema,0.591824204215186
kick,0.5906012170561996
complete,0.5878040296405387
device,0.5875967529122862
tool,0.587401301263949
walls,0.5868788214606978
thing,0.5863004146414349
voyage,0.5858566281413882
magical,0.5847790115965933
silver,0.5844217076292346
bigger,0.5835560420783987
bag,0.5825828748010856
flash,0.5799036701754425
stories,0.5794773130229055
bang,0.5792724600975601
construction,0.5789458903482239
build,0.578797578661201
east,0.5784015415869704
carbon,0.5779425719783693
university,0.577426048815582
newest,0.5771856039923056
screen,0.5770856835341543
postcard,0.5759260743471708
jake,0.5759254950765128
community,0.5738142395899907
sessions,0.5737319634528378
sister,0.5737109792393134
cut,0.5729335354349986
boom,0.5722558998461673
setting,0.5712622341165098
handbags,0.5700132345252428
hits,0.5679059125310498
hours,0.567472621048609
daily,0.5673733955180774
foods,0.567109371019125
skateboard,0.566243464194884
dangerous,0.5654329427519303
thank,0.5638072778536057
documentary,0.5633499636744689
room,0.5601281810091
sophomore,0.5600200897232482
set,0.5591725705618186
sculpture,0.5587259632212261
mass,0.5584117173227647
alex,0.5580497428406936
active,0.5562785439764578
jungle,0.5562531819708645
bridge,0.5560327722946885
northern,0.5550009580580513
harvest,0.5547265074078774
tim,0.5527607829924507
bicycle,0.5527392978332721
mountain,0.5515821301244522
affordable,0.5503435092510328
draw,0.5495239408679049
olive,0.548279275669432
la,0.5475785399029411
witch,0.5468626891638743
monsters,0.5456539169070241
pin,0.5450338512939159
david,0.5449370678278772
boxes,0.5449228102065946
place,0.5441164697431948
exhibit,0.5435618877957106
hill,0.5433333414536347
girl,0.5405623120451818
burlesque,0.5384113613935442
collection,0.5380397060398323
western,0.5377485977174324
lines,0.5376238454169953
nd,0.5368384151015778
adults,0.5363172063069355
revolution,0.5360011085375779
trade,0.5353267434623472
cook,0.5342545779634759
al,0.5326215500412379
mile,0.5318887483626675
copper,0.5317119872969627
luck,0.5302362404638291
creek,0.5302001680235985
west,0.5289679025432857
silk,0.527841905987503
card,0.5263768095415259
haiti,0.5258969312028924
commissions,0.525445306555047
tradition,0.524572063071614
ny,0.5243919054660816
inside,0.5229715801875244
throw,0.5221153539321914
coloring,0.5208211889289499
lee,0.5204381250157917
pure,0.5196045848362633
tiny,0.516461451475811
coin,0.5157101222311811
warm,0.5156952154807627
bikes,0.5148272345602344
midnight,0.513695663340888
queen,0.5125664922212011
bottle,0.5124052603709892
map,0.511784316806408
wind,0.5117242744176874
ryan,0.5102761167059247
comedy,0.5097978961805364
mastering,0.5086866800155385
calendar,0.5082630312029626
join,0.5068066659465637
bus,0.5060629727472038
does,0.5059648121922633
ve,0.5055875656083854
beast,0.5054726660365032
fresh,0.5048040775755794
noise,0.5031589034249779
songs,0.5026519727909031
goat,0.5025676767088955
spirits,0.5018994137334222
farmers,0.500199280377536
bread,0.4991344528366008
connection,0.49861945069372215
sons,0.4985594680153616
dry,0.49779821796903106
lamp,0.49545386918942896
golden,0.4953160901482729
ex,0.49510198925927584
produced,0.49490326916336563
ghosts,0.494858439777354
les,0.49475767957567807
travels,0.4945792558406889
lose,0.494519199433836
force,0.49435165917380136
rolling,0.49378191717194625
brain,0.49354273929643366
perfect,0.4934609803441262
matthew,0.4931805864525471
lightning,0.49280655667853474
dolls,0.4909303187779509
joy,0.49054495141858595
epic,0.490455828261538
read,0.4902807032582545
pi,0.4886526420201065
hit,0.48863483017237175
honey,0.4885028887308088
awesome,0.4877720004625715
ski,0.48732502428444596
craft,0.4872109115035948
sketch,0.48561420748077105
festival,0.4848099104766958
scott,0.4847286787437315
learn,0.48392603876947576
writers,0.48389246386034956
programming,0.4838163093497092
air,0.4827586979906196
bone,0.4818236546265778
coffee,0.48121492548662137
austin,0.4801479403808936
cd,0.4800367702897394
shark,0.47994901919552796
make,0.4779066021456739
pie,0.47752049420495263
ways,0.47713736842928833
france,0.4770287888197045
lingerie,0.47694016929681643
display,0.4748675411142329
timeless,0.47454105742754865
creatures,0.4733421697087455
nice,0.4726232932849368
march,0.4715738538547178
functional,0.47111768430207634
brewery,0.4707829403533981
shadows,0.4703200444316845
farmer,0.46944500260791394
river,0.46869531947113907
hard,0.46850973366378923
wake,0.4682062581965912
good,0.46799737997222307
red,0.46713529159522343
wilderness,0.46692216419628585
batch,0.4664952372151181
spring,0.46630694571735026
endless,0.46592820953393654
wood,0.46548780401619505
choir,0.4632918437159411
pack,0.46309328279769396
forest,0.46278424461973044
bite,0.461443483546781
fairy,0.46009800093975073
rogue,0.45937057257446184
illustration,0.4592656776988416
chicago,0.458440140910616
luxury,0.4581687042926712
humans,0.45723551168233645
kevin,0.45696381607016956
bee,0.4563014652881803
mini,0.45585383529326623
bring,0.45574081205320105
better,0.4555741542762919
sunday,0.4549335244555488
precision,0.45449834811328127
photobook,0.453369696130636
shakespeare,0.4533284178406312
renaissance,0.4528268381632979
plant,0.4527822694925777
seattle,0.4522555549542844
opera,0.45209627683419884
recording,0.4509480250767228
barrel,0.4502950534467195
joe,0.44927811010479546
amazon,0.44846923347915013
winter,0.44761627090821604
sized,0.44721725771029847
puppet,0.4467412548278094
doctor,0.44593173517074125
pre,0.44560994745184834
gathering,0.4456097805080049
city,0.4448989494543301
like,0.44476179160337004
growing,0.44435816189642113
uspcc,0.4442419512580109
mermaid,0.4430752767829133
key,0.4420331803026613
jack,0.44110360358923717
recycled,0.44051031473962826
british,0.439828014592085
buffalo,0.4397091932274389
fundraiser,0.4392982634437898
revolutionary,0.43810231227917634
friend,0.43799547533313377
pilot,0.4379656837100861
miller,0.4370440452140632
rural,0.43699621514591724
seed,0.4366723387143706
farms,0.4354659419856569
introducing,0.4350394196362062
summer,0.43359829275220946
snack,0.4334256142846434
ceramic,0.43286614026597153
future,0.4318504343113081
comfort,0.4314208702803029
cup,0.43139917839176395
gay,0.43097413109866634
colorful,0.43053544081235723
myth,0.43051763704242074
shelter,0.430261684608463
right,0.42907378188343087
secret,0.42897579075122366
big,0.4284777641698621
form,0.428409025047248
stones,0.42712773747786603
robert,0.42556971144221023
dragons,0.425387760010473
max,0.4249145254555405
denver,0.42446589276663427
thousand,0.4243369725203033
ring,0.42315183966210607
cycle,0.42300577555702623
hungry,0.4226854522284874
strange,0.4223241416535462
yellow,0.4221001569135066
di,0.42043471220255685
landscapes,0.4203079589037462
crafted,0.4202604279330471
auto,0.4201314564271277
releasing,0.42012600697661023
untold,0.4196208966731587
bomb,0.4194351382591919
land,0.4191710583954948
bit,0.41826029349167554
history,0.4168925569087158
light,0.4152657644346716
roots,0.41388259600670935
toy,0.41305674661205155
mask,0.41146054341577515
july,0.41144060358225
curse,0.41105724715893377
cosmic,0.4101554129186833
pop,0.4101239378108411
taylor,0.4088072394792219
jason,0.40720141715700225
swim,0.40679850122723954
andy,0.4066394883982645
zen,0.40628835598868485
gallery,0.4056571420413347
bakery,0.40511112264016885
fighting,0.40481941293928037
die,0.40468737800103943
ties,0.403957451912653
doll,0.40183545185316205
empowering,0.4017380484936576
spin,0.4010904188150404
rule,0.40093610216179204
pro,0.40018573479304376
feet,0.3998361069045809
water,0.3979603161022799
glasses,0.3963394503060011
trees,0.394784887103873
fuel,0.3937238842239632
female,0.39202142505571835
beneath,0.3888474831027162
push,0.38816328906923825
inner,0.3874158059340423
color,0.3864688661863811
john,0.3863137310676295
asian,0.3857098825903464
notes,0.385520080254741
samurai,0.3848078197740094
paris,0.38427896469732337
mike,0.382728550548067
poster,0.3819050035345701
heavy,0.38177907144609896
roll,0.38155464814837714
mystery,0.38145654134569956
prison,0.38074170408201935
act,0.38001063018045234
hook,0.3796365368647705
breath,0.37936200753719707
tales,0.37885901639091574
soon,0.3783619650732796
cities,0.37729364018290246
drawn,0.37681578775328783
beef,0.37598068629012416
won,0.3746777427290632
usa,0.374599438155943
waiting,0.37439496289089064
park,0.3737820974385208
plan,0.37331319831966303
sound,0.37304161252543405
brothers,0.3730401424922608
home,0.3721702161743664
stylish,0.3721389968063283
everybody,0.3698835487633487
naked,0.36736887089879394
europe,0.3659281201666867
loud,0.36581127666574315
loss,0.3655418088020711
hub,0.36435671597928104
forge,0.3637399102613313
ages,0.3631982729110085
blanket,0.36259474768215283
click,0.362368291417001
jr,0.3621511091943995
mountains,0.3621211392915452
swing,0.3616623742741121
animal,0.36051862959371894
making,0.3602678998730077
indian,0.3598133900325536
mama,0.35933439822578706
dock,0.3571758150683657
gluten,0.35637543479871936
things,0.3562712531157354
crime,0.3556466816582446
seconds,0.3556139377486143
albums,0.3552632835449722
combat,0.3543677729628333
umbrella,0.3540781038914169
tie,0.353823641153016
razor,0.3537966685249833
center,0.3534056055766058
cash,0.353300028916461
classic,0.35325379319757116
release,0.3532241008962793
process,0.35283399141513705
small,0.35259344699853
books,0.3523365046151722
evening,0.3521196988195741
chinese,0.3517509377303677
joshua,0.3510837554865468
south,0.3502800796358871
fest,0.3499855165713269
spice,0.3498719208540632
touch,0.3480579562591771
winning,0.3474867158150867
style,0.34730730715835517
night,0.34714279746658205
adventure,0.3466922012443426
billy,0.34647230059132567
records,0.34616542364226
wax,0.3459669723969711
long,0.34594977802154775
gen,0.34566304047322577
underwater,0.34506816267870905
paul,0.34449867297987874
suite,0.34403441145145064
edge,0.3439273240557263
goal,0.34357476907153733
meet,0.3434445137509262
aluminum,0.3428772876630755
cat,0.3413628830248032
fox,0.3392805844577379
jazz,0.33920429142617314
letters,0.33877049473506177
clear,0.3381770064528809
return,0.33807918805536374
controlled,0.33778432254230967
hybrid,0.3366223865185513
picture,0.3362252147435527
horse,0.33610931788608017
left,0.3361057208975599
streets,0.33597442019450385
communication,0.33582498104946873
ordinary,0.33570235067680027
sacred,0.33444607271666904
featuring,0.3340189054072728
shoe,0.33325871346496816
wide,0.33179579551817945
owl,0.33177598148861503
princess,0.33121762586170916
en,0.3312108529162667
shine,0.3306416715678446
illustrations,0.33056162171434195
conservation,0.3293706770362175
skull,0.3287857987419843
dive,0.32835411481612703
mixed,0.3267981161997605
camp,0.32671501391877106
alternative,0.3265042310398467
sight,0.32617721102155633
elegant,0.3260048687818559
customized,0.32599401231485364
contemporary,0.3258589879304212
work,0.3257120477197447
tell,0.3243837943937782
save,0.32338028697981697
tools,0.3223495309088176
white,0.321680092321516
issues,0.32142882880077156
los,0.3213871275896701
spinner,0.3206255096508828
avenue,0.3195471983539226
lock,0.31873226238132146
hunters,0.31791291620198786
postcards,0.3176306168878393
motion,0.31382341623934457
fall,0.3134800533986553
adapter,0.3123842291882722
ipad,0.31216976715156464
ireland,0.3106305641308756
men,0.31005023339114984
speak,0.30893465259126046
pretty,0.30830857346735874
pig,0.30803761261374224
stars,0.3073390343630772
silence,0.30712164809227266
drawings,0.3071036119252628
string,0.3070144319572565
cave,0.3068132572350113
boy,0.3046072397111404
bar,0.3039571493084738
blade,0.3027466905298437
material,0.30112339551560013
bear,0.3008914123600706
landscape,0.3001334581182144
robots,0.29987546962632855
sisters,0.29981217693237805
large,0.29765556384161285
best,0.29732845682563774
building,0.29722024033139277
student,0.2966893133318763
guide,0.29570422050875567
jeff,0.2956866355322971
minutes,0.2942245841892262
quick,0.2936676894130926
travel,0.29365462667551895
butter,0.29306742983375095
generation,0.2926505288667499
run,0.29209153793659665
hemp,0.2911372795484236
desert,0.2908244291186248
theatre,0.2907937758158554
chocolate,0.2907885864898126
graphic,0.2900246137301789
hawaii,0.2899362526361101
hot,0.28954296678677366
cafe,0.2894312254879744
dinner,0.288998692671999
customizable,0.28871184953993617
reading,0.2884344240566962
delicious,0.2874961552975972
states,0.2872307198266198
century,0.28668705811803835
sing,0.28642914682340537
cats,0.286326370729322
jerky,0.2854760582498459
disc,0.2847336081824487
lucky,0.28401032274256743
happen,0.28370999913890244
lost,0.2836758238398156
week,0.28316715229450423
citizen,0.2830915981180396
ancient,0.28304059464091086
tom,0.2829828988327729
plastic,0.28296097350577704
juice,0.28268218062936085
luna,0.2820575527315997
sequel,0.2819891167351702
let,0.2817672625752277
expedition,0.28076905622384707
handmade,0.2807657862775438
campaign,0.28075004261611664
morning,0.28048610820929193
state,0.2803870295421224
smoke,0.27992141903941564
glass,0.27985218762482256
snow,0.2796946424595293
dark,0.2788429661731215
os,0.2781973209065343
church,0.27811013214138125
dragon,0.2775554304023193
publication,0.2772801778260125
friendly,0.27698124809923585
hold,0.27678286472497454
piano,0.27661310025682845
piece,0.2763692925083941
tour,0.27583629217141287
portal,0.27476063149690916
webseries,0.274595861683139
price,0.2737946452994382
laser,0.27321827239957314
alarm,0.2730455538783786
rocks,0.2726029839125765
multi,0.27230495191289356
low,0.2721972489953268
sauce,0.2721414115300974
tactical,0.27089718148279107
beer,0.2705823927921224
creator,0.2703959516896939
listen,0.26979513314593256
pressing,0.26946069952854035
block,0.2688194426021052
island,0.26879012188810464
base,0.26857366046138026
daughter,0.26854048710528305
empower,0.26822308758130486
gray,0.26753422501249363
cnc,0.26720458672257885
brew,0.2667790476455327
irish,0.26651102425347445
seeds,0.2659190354700097
mac,0.26547856303602724
pixel,0.2616820838824555
strategy,0.26123483931559344
special,0.2602598755626831
heart,0.2601145901282183
heads,0.25964208873283484
exploration,0.25958826677480507
experimental,0.25861962477879585
dog,0.2581884079446829
traveler,0.25810109592517977
middle,0.257824614805639
led,0.2572546385413549
handbook,0.2572234404545074
pirates,0.2569812502737826
prints,0.2567058825464055
lady,0.2556446324265273
india,0.2550890645762034
supernatural,0.25263008364868805
cream,0.25126934902231346
bow,0.25124044281228347
mars,0.2504080749358538
adam,0.2503054287488901
wheels,0.2476339083495102
raise,0.24760920346474005
change,0.24681172208747018
protein,0.24514307006366318
gets,0.24506629729556376
universal,0.2450203188025399
tomorrow,0.2449209894082108
glory,0.24352893491712926
monster,0.24318939429788222
ray,0.24289668928979577
store,0.2396934685217252
exploring,0.2393922328961126
drink,0.23892738569021973
world,0.2387464973468617
projects,0.2387220723092528
williams,0.2383458836059527
leaf,0.2382366534013289
chase,0.23784131586175464
walking,0.23612051279750723
falling,0.23577673270295563
mix,0.23571750212801826
mother,0.23542668771672895
infinity,0.23531194333832353
sword,0.23456531119611462
matter,0.2342688308402719
films,0.23422406544423988
casual,0.23421891918112073
modern,0.23415108383796915
flat,0.2340981410832103
tribe,0.23340769580210904
grey,0.23305830896644736
matters,0.23216933063541895
street,0.2320425510969032
bull,0.23189984786966958
hear,0.23112550219902503
scifi,0.22995419333464054
milk,0.2297472289314444
dirty,0.2293896301003409
sam,0.22923353425420953
rising,0.22873035206098927
ll,0.228248440628349
greenhouse,0.2281726146216862
research,0.22784819876111403
wine,0.22748013901615552
initiative,0.2267839851706078
jay,0.22664031578402627
pacific,0.22648476650684646
reboot,0.22536937141291336
youth,0.22520074702357012
power,0.2251102330687239
strap,0.22448070059775926
weird,0.22377352674522963
page,0.2233497217471821
weather,0.22274768262872255
fix,0.2221989624391347
foot,0.222015728970667
food,0.22122347669124273
changing,0.22000258787464774
teen,0.21885835707446172
hand,0.21816914587013223
beard,0.217670533879752
dying,0.21707432043646765
collaborative,0.21701697547477827
standing,0.21689841194488016
von,0.21688450318661187
beautiful,0.21655644482787978
shield,0.21496840938170841
ghost,0.21446996391924739
hour,0.2143730154310398
adjustable,0.2142869532125469
main,0.21406029185955758
bullet,0.21330206805949062
magic,0.2129207464874613
gods,0.21272283177273946
artists,0.21227767703820122
chasing,0.212052939040011
seven,0.2120400406570441
infinite,0.21182211610468343
liquid,0.21119149305175572
completion,0.21089402855087522
crew,0.21006196018145792
messenger,0.2099183480725843
tape,0.2095048374262823
close,0.2093609290749746
human,0.20932754274705684
club,0.2085524006030453
launch,0.20849723393966677
cart,0.2084736628589455
phoenix,0.2079457020303761
dreaming,0.20792082366474343
monkey,0.20723103058629333
hunter,0.2068691038335682
miss,0.20616718611969823
high,0.2053455647651318
come,0.2051771894521357
diy,0.20507823234301906
eat,0.20487151100151074
charles,0.20482319831741994
circle,0.20423579387535593
classical,0.20374152882686108
shadow,0.20354463607727377
george,0.20334313549522234
mount,0.20275064808312993
theater,0.20177850144046316
restoration,0.20161112399684508
lights,0.2011627809782088
central,0.20052424089373885
round,0.20052166886151476
cookie,0.19940575961973647
happy,0.19886432862110853
marie,0.19793880637486505
fast,0.19756456903390318
missing,0.1975040525677557
grade,0.19749920310634164
steam,0.1972009578646386
tree,0.19623297274384127
skies,0.1960915408945558
day,0.1960428810257647
michael,0.19603206538434328
rhythm,0.1958615469375812
wife,0.19516136690117403
portraits,0.19513781633286267
moving,0.19495265614698698
away,0.19482470908811905
scratch,0.19476023678288049
quiet,0.19424902026933966
flowers,0.19421283276600348
convention,0.19355890546985224
hope,0.19141678605138146
tours,0.1902350251845111
takes,0.18928815497112475
valley,0.1886362321372555
tooth,0.18822272594412431
controller,0.18807806903156563
podcast,0.18664611775642048
para,0.18633592225186538
bob,0.1854802603191399
egg,0.18447560762113493
live,0.18442421377537452
web,0.18392824459250065
tracks,0.18265346610781774
report,0.1823009052950414
tall,0.1822081515739521
raw,0.18077007346353247
tokyo,0.18041524316357302
justin,0.18032157831588508
cotton,0.1801270163105352
french,0.17991075763964928
connecting,0.17943884458174766
million,0.17918080614098972
feel,0.1787685476198391
sense,0.17835892534688758
say,0.17785937420653147
hat,0.17777954090783044
wolf,0.17669635441176368
prayer,0.1756191349906429
local,0.17469925568993475
created,0.17422084618998654
tiles,0.17413326802197357
coming,0.17401519315268016
reflections,0.173768927086568
access,0.17376455064008303
hearts,0.17375309468845554
trail,0.17347639208191012
skin,0.17332211543668374
flip,0.17324077163453466
lifetime,0.17291980531694887
loves,0.17151375625714813
laptop,0.17146545647373654
times,0.17126303121654565
crisis,0.1706708842033433
colour,0.17059669089544238
voices,0.17011030155946127
poems,0.16960596424091814
touring,0.16946284620425545
stem,0.1690299733005869
normal,0.16825915322445592
school,0.1682103772117195
revival,0.16806363044978978
henry,0.1676816177805058
letter,0.1676575701122365
wave,0.16754906785631152
sweet,0.165836520847804
sheep,0.16514369104335025
different,0.16499375006836914
fantastic,0.16390959018936468
final,0.1639004735991025
gate,0.1629789290281287
collector,0.16270148736221188
china,0.16241577547949476
celebration,0.16178853916791078
ladies,0.16170129057780736
shooting,0.16162480530609516
market,0.16136189642508525
german,0.16049475742312697
play,0.1604639675193015
protection,0.16043922521903733
mexican,0.16041093521401117
fully,0.15920749579211488
way,0.15749914539790835
bears,0.15688486638256052
king,0.15641771696999465
ft,0.1560491223251434
eden,0.155808739410785
industry,0.15518586169332932
grand,0.15496465512835864
simple,0.15441386823404388
oil,0.15399650568112128
area,0.1530468689633128
dvd,0.1530462009994123
photo,0.1510992719808098
character,0.14971898651108287
glow,0.14940017330990799
posters,0.14878792409420977
valentine,0.1485184990361686
farming,0.14846770997448766
feature,0.14844065208890755
burn,0.14777960623666336
extra,0.14755852285544943
bracelets,0.14741955374178586
hands,0.14669422342774233
fly,0.14646519415681444
wonderful,0.14600558455855267
wanted,0.14576115912664803
animals,0.14550508542923463
tennis,0.1443469301624598
premier,0.14412589104684465
monitor,0.14360230185628362
story,0.14218190694408409
pink,0.14174394068092752
expand,0.14163025257452022
ice,0.1411368719129078
augmented,0.14053025146248513
et,0.1403866297195889
don,0.13945916347983459
minute,0.13923424778442625
bound,0.1388671895025523
evolution,0.1388166061290842
elephant,0.1383413817912856
person,0.13738114866170403
beat,0.13675339430574934
award,0.13667946312058568
comes,0.136656778857399
jar,0.1365910485109458
photographic,0.13650563625451634
door,0.1362333535407532
mr,0.13521147653132362
stranger,0.13472392600304653
living,0.134196275444108
non,0.1341168663596705
studio,0.13379133153929995
blue,0.13377599778077995
pain,0.13335186274606795
ship,0.13280649445549
capture,0.13256265642575218
train,0.1300649753693886
factory,0.1300497726086973
bug,0.12994626060612435
painting,0.12979933483352454
quest,0.12977143932268936
showcase,0.12959647536901567
romantic,0.12946020696684518
bronze,0.12877702172052247
medieval,0.1279281433849734
comics,0.12738397339990992
explore,0.12699710979871648
opening,0.1259894419305926
waste,0.12594196095842866
lunch,0.12580851130562085
accessory,0.1252745456091541
cloud,0.12516321673177402
solution,0.12504472022995647
conference,0.12428371741113196
people,0.12399801074905924
worth,0.12187846367518722
pad,0.12037550366589382
era,0.12021895207212777
sci,0.11926722614852245
working,0.11854890502657565
lgbt,0.11834354481969253
sale,0.11733566460598617
invasion,0.11502175045789764
welcome,0.11406525431373973
ones,0.11361830725389309
sky,0.11228564809736274
athletic,0.11208705100629766
frame,0.11202363581476889
faster,0.11181894519282531
upgrade,0.11159918981292885
lovers,0.11072832589851711
ugly,0.11057759372205776
stick,0.11039606298604028
duck,0.11034005078592558
thriller,0.110110172667873
heroes,0.109816614998405
seasons,0.10904948515058768
elements,0.10901265107344206
head,0.10892226874518737
booth,0.10820884621751277
brick,0.1075232399595212
ebook,0.10747009144873015
easy,0.10721102304422231
box,0.10712973901546746
fabric,0.10699606506666849
broadway,0.10699191568522805
hotel,0.10590971580820331
gardens,0.10538156267593898
pay,0.10276302417270687
highway,0.10239155468180745
note,0.10035801885141256
st,0.10033424139264002
kid,0.09894416789058784
weeks,0.09719626558334701
straight,0.09595872681533005
natural,0.09571627224342556
town,0.09548357613452972
lifestyle,0.09502975783168277
miles,0.0949738166756702
brown,0.09379641785549336
got,0.09302190514975711
subscription,0.09189606600266804
politics,0.09180879372773122
rose,0.09171860036345773
hate,0.090565808821408
taste,0.09038819589046
toys,0.09018433159460966
level,0.09004472199693304
traditional,0.08967635309308793
corner,0.08859970457438145
reel,0.08839591152527722
born,0.08770717302049542
mirror,0.08734706784440688
spread,0.085479283446585
saint,0.08542264311691644
days,0.08517848098847457
york,0.08431794322496002
toronto,0.08414031439591155
imagine,0.08268679536660425
paradise,0.0826449144958126
lighting,0.0825720753712623
surface,0.08195454549631975
tube,0.08133151286182676
dinosaur,0.08016681626935179
novella,0.08003773735289946
chance,0.07942522257696266
table,0.07918645917917325
office,0.07848649517692496
star,0.07654990211764062
american,0.07633697034383452
concert,0.07570228004547888
rainbow,0.07538069817282586
global,0.07529878560429762
chair,0.0746993368933897
soup,0.0746983327384419
seat,0.07431916313115716
bella,0.07301698568642553
code,0.07145207868957294
restaurant,0.06977152901173612
streaming,0.06955587391443856
giant,0.06803459887466004
seen,0.06664041778836063
untitled,0.06618372226827322
capturing,0.06528589258204567
funds,0.06495726075032372
eating,0.06457023432081352
jackson,0.06424076524394737
anti,0.06420636901943279
rob,0.06365330067325117
personal,0.0635049091863467
song,0.06332501777787755
wheel,0.06262456196624482
remix,0.062429826938580846
origins,0.06092744154608701
fish,0.06023101654603085
portfolio,0.05845870524590888
worlds,0.05778037963844892
angeles,0.057023456404811664
rain,0.056878260176918334
bowl,0.0567988576727462
size,0.05640828991398855
fidget,0.0563387421029231
eye,0.056225802528188894
castle,0.055746305047238515
poetry,0.05555139334405507
fiction,0.05442734540350811
muse,0.05343395221024519
tank,0.05269024908785616
tech,0.05219114271422716
multimedia,0.0514502863566502
party,0.050987226291978945
bird,0.050832600182601634
death,0.049746127306996304
wing,0.04947249414206548
victory,0.04945806583088015
physical,0.048966620571740185
shift,0.04774335723069041
secrets,0.04700841889401899
lion,0.0467366539250263
guy,0.046461192289127595
hunt,0.04641046905667173
twin,0.04493914375609508
end,0.04427672383939704
tablet,0.04393074568727061
theatrical,0.042518944688454664
design,0.042413497278662365
movies,0.04220288139305364
tap,0.04210249902250483
digital,0.04198673721310319
workout,0.04186986723628608
surf,0.04172414856964346
gravity,0.04157008341985078
experiment,0.04136888531290851
band,0.04116358497843001
fight,0.04077898277063671
falls,0.04047861358810345
earth,0.040261690473591384
signs,0.04018868531067699
old,0.0387107872970483
babies,0.03866694525405624
county,0.037958405484386164
towel,0.03697150067728368
medicine,0.03632919975513619
super,0.036192339805991215
hd,0.03588149497854784
michigan,0.03458637074038692
kickstart,0.03370019988164451
standard,0.03346641277631864
memory,0.03342457618389815
bracelet,0.032359804240872224
storm,0.03198114477636611
look,0.031846692318451324
treasure,0.03176983294698184
urban,0.03167496567483803
shot,0.03129951406747853
orange,0.030939866606100562
ya,0.03082137910496905
eats,0.02949995380737432
arcade,0.028492484811250857
bees,0.027513965508681997
moment,0.02705044124803503
colors,0.02693033453775124
culture,0.026749035776951646
cutting,0.025588612931797605
wings,0.0241201892123636
language,0.023845869772978832
technology,0.023307492657091054
loved,0.023190558192990186
point,0.02290331180760393
drone,0.022116780768941708
children,0.021841645512281876
sandwich,0.021031851654638608
diaries,0.020652980826228132
finding,0.020354407957188004
job,0.02015046209630446
el,0.02006843114787107
cancer,0.01936222620998201
boys,0.019273462745707907
dr,0.0182363804342038
bringing,0.01742970311345068
meditation,0.0168202004331882
mission,0.01580766486979313
oregon,0.015203666063622534
sin,0.014680593886437556
test,0.013790980869779782
meals,0.013675115154394835
european,0.012972513036559928
station,0.012065537940350658
creative,0.011990663240019996
retro,0.0114332161014114
bake,0.010828760741036473
soundtrack,0.010403423036446218
william,0.010034146150862098
original,0.009732059813214828
pride,0.009687548059270358
wicked,0.009604883663326536
rise,0.008955022488990525
model,0.008300702884773675
know,0.008074800906664868
baby,0.007367453708239991
bad,0.007013972998571294
accessories,0.006361536563379412
inspiring,0.006288821664324541
doors,0.006285585880092809
range,0.005566758719208026
collar,0.005284486526019919
running,0.004814297980917347
cap,0.0034807978681679307
graffiti,0.0018495676623008642
happiness,0.0011244017158911618
security,-0.0004213404841732662
young,-0.0009091583580742751
wonderland,-0.0016946841780390394
africa,-0.0021119850772512443
universe,-0.004865639197957963
famous,-0.005424608469497467
inspirational,-0.005724021552073971
exercise,-0.0059236754752333065
house,-0.006288665788330304
op,-0.006459732931465682
phone,-0.006647070759553994
art,-0.007107158660718769
diego,-0.007398055797021174
animation,-0.00805197016691124
der,-0.008330214340213787
follow,-0.009660960477898982
galaxy,-0.009951330728189382
kingdom,-0.010422190676600522
warrior,-0.01071225192096793
movie,-0.010735813332280063
sets,-0.010900094977766473
lil,-0.011303572654340963
love,-0.011319698093026012
child,-0.011625026790465478
musical,-0.012592299561422167
thinking,-0.012864922842267486
blind,-0.012896979131169403
shop,-0.013175755796767065
translation,-0.013815647820678952
english,-0.014275213313730198
kiss,-0.0148536151918472
planet,-0.014951623640172414
blood,-0.015503767685240059
reader,-0.01649540252579891
justice,-0.016519664173759625
woods,-0.016673634281727932
nick,-0.01737492487595245
breaking,-0.017732516212366562
iphone,-0.017979882728601612
holiday,-0.018507389366222347
knights,-0.01864942349067053
northwest,-0.018686153955958244
wisdom,-0.01884522915114496
vision,-0.019002825967971648
boss,-0.019822469909658483
wall,-0.01991706516024169
expanding,-0.02052349727903556
official,-0.02070218944386649
grid,-0.02083246149831338
balloon,-0.02120820987346618
road,-0.021328373185890676
mat,-0.021608795430329522
episode,-0.02269986206207332
devil,-0.022792372488172674
experience,-0.023012234970843464
arts,-0.02325783401939213
time,-0.02369016320647192
month,-0.023792324526990073
realm,-0.023818141668977628
fusion,-0.023845634435290024
vr,-0.02394248800517434
eyes,-0.024401716823314115
taking,-0.02447483700228546
ninja,-0.025093415246104325
nature,-0.025936994246512645
class,-0.026484681739745556
dance,-0.02656006368043124
national,-0.02682058868586102
innovation,-0.026935208888434765
flying,-0.02711044438748429
monthly,-0.027328175402834748
kind,-0.027816857255580814
wizard,-0.027844830624559887
underground,-0.028998162604283843
bed,-0.029202938514329604
skills,-0.029373968847263413
cool,-0.03200415735188861
crown,-0.03261114998621521
attack,-0.032682387870368104
breakfast,-0.03400844604866052
animated,-0.0341703586391179
dancers,-0.03451029370755118
written,-0.035459753595585876
lord,-0.037560019204515634
flame,-0.0380059805861234
soap,-0.03837782832771099
stone,-0.038511389014116694
feed,-0.03853678678649954
outdoor,-0.039293582791576964
liberty,-0.03982608498973901
choose,-0.040179975841841666
inspire,-0.04103125993816744
flower,-0.04164702037541606
mental,-0.041920276447197334
pottery,-0.04226122512531526
divine,-0.04314667434262021
drive,-0.043402395282668614
heritage,-0.04354526552665585
paperback,-0.04383570466209586
grill,-0.0440264982106186
talking,-0.04553337561069886
trash,-0.04574109288841964
came,-0.046791283765542
oh,-0.047257449513393314
eternal,-0.047775139079333465
broken,-0.049980159487212586
preservation,-0.05092757281426638
ink,-0.05118520871421865
bible,-0.05161674201297813
dead,-0.05183121574271751
jewelry,-0.05312377489779637
word,-0.05624597784118844
pc,-0.05647223047271207
mosaic,-0.05662966616801968
walk,-0.05832372580240953
driving,-0.058492341438495285
kyle,-0.05871170570103492
concrete,-0.058784824692174234
body,-0.05947355904602867
supply,-0.05948044625932278
beach,-0.05968940927641558
switch,-0.06013305019273286
opener,-0.06101607243625527
gamers,-0.06216705310369401
stephen,-0.0621715658916754
fabulous,-0.06246567914903252
needs,-0.06440752197225917
fit,-0.06486136075409404
action,-0.06523413095195998
neo,-0.0659034682297298
murder,-0.06626771928974039
birthday,-0.06681752274398507
santa,-0.06706846981198465
hey,-0.06777156939240574
teach,-0.06812953676601356
mary,-0.06832617730376081
add,-0.06874362021921153
tag,-0.06958200250111887
swimwear,-0.07093659277854232
company,-0.07120112607663681
boards,-0.07223087148928847
wants,-0.07247432400933145
ride,-0.07351948911870065
phase,-0.0739850677839902
vintage,-0.07471508462578517
visions,-0.07472727781377403
step,-0.07487982623960522
uncle,-0.07497084483964146
kids,-0.07505033062200078
families,-0.0757906267333132
wish,-0.07590596297208105
thought,-0.07622071648328829
self,-0.07630077734145851
track,-0.07653060603754602
nights,-0.07680938305743375
twist,-0.07709170181098374
pillow,-0.0771537874933289
pizza,-0.07732131845988063
pool,-0.07735804304468949
jersey,-0.07735872158077688
royal,-0.07836376824215717
writer,-0.0784522443806128
environment,-0.08022061382373362
italian,-0.0810624536398231
son,-0.0811949434214789
team,-0.0816819470679985
vampire,-0.0817973422425561
theory,-0.082646988568187
pirate,-0.08307599626063886
authentic,-0.08315407892017083
systems,-0.08335382391212914
major,-0.0838335614318735
historical,-0.08463690129182269
pub,-0.08480822743694033
age,-0.08485282247881301
tasty,-0.08487331276297305
master,-0.08548115816176087
wwii,-0.08573884807220827
vs,-0.0873680401780581
plus,-0.08785029944138026
lonely,-0.08835681690299645
students,-0.08905549781190772
woman,-0.08941859700079975
photos,-0.08984980210275498
cowboy,-0.09008454189427141
clip,-0.09031708395701313
smile,-0.09034847346495878
latin,-0.09067842402254908
project,-0.09141563974594474
audiobook,-0.09199804977541455
shades,-0.09215112451651716
society,-0.09236724771463616
scene,-0.09265758976495858
express,-0.09278843905391446
survive,-0.09319986117027647
stickers,-0.09367883757480132
sweets,-0.09371835965918787
washington,-0.09401515485384329
california,-0.09490270809400381
rock,-0.09622277244610543
festivals,-0.0984082231203978
horror,-0.09856820382814385
production,-0.09920654717562696
believe,-0.10044753571677179
honor,-0.10075250610926889
steel,-0.10147309490096634
stop,-0.1023475801960625
lane,-0.10303309812862976
files,-0.10348023934592353
enjoy,-0.10514073861610171
leave,-0.10602961067861297
create,-0.10669050672792904
chef,-0.10669524030123022
video,-0.10713514059454979
speed,-0.10784998923081518
innovative,-0.10897350876643362
share,-0.1091874787842163
heard,-0.1093232371713679
shows,-0.10968570609291423
true,-0.11022542862579005
legends,-0.11073349728962342
superhero,-0.11321010584314786
chaos,-0.11327034290008166
houston,-0.11373851850084349
brush,-0.11428251475445944
lies,-0.11457607966226242
anthony,-0.11517690553013744
mi,-0.11547701479737414
dad,-0.11956846944503202
ballet,-0.119613284580667
unknown,-0.12033210982351802
jewish,-0.12117809592603862
guitar,-0.1221540616247547
cause,-0.12293055203289854
upcoming,-0.12344010292219583
purple,-0.12537370515882343
demon,-0.12607374807884655
activity,-0.1269811203881176
clothes,-0.12784288206408453
interactive,-0.12884491783160465
bay,-0.1290877595924528
audio,-0.12980478502022952
pot,-0.12990631223305374
reign,-0.1306548547675229
hero,-0.13199324804134083
early,-0.13272113093817883
wildlife,-0.1327877317792025
holy,-0.13369564016302407
ad,-0.1337518535792486
rescue,-0.1338966504532161
learning,-0.1344043429873717
zealand,-0.13517111013935784
free,-0.1360239128895107
words,-0.13648899397985584
jewellery,-0.1375603781241022
discovery,-0.1394497446982726
energy,-0.1409401361985233
drop,-0.14095122151381953
cube,-0.14110520016140388
role,-0.14131336139397152
boat,-0.142020000391561
lego,-0.1420692236117065
flight,-0.14212043324402246
title,-0.14244074762340345
did,-0.14258356211073075
cult,-0.1426433341055432
virtual,-0.14356055512420685
aerial,-0.14440745641481745
line,-0.14610044580319062
lives,-0.1464216221051637
romance,-0.1466129251428113
jordan,-0.1470447441284678
version,-0.14789219317710012
loving,-0.14800802592183127
reunion,-0.1487875875235939
australia,-0.14898510021814973
dare,-0.1497433142548067
rights,-0.14986826147117438
remote,-0.15019528308052066
dessert,-0.15063096719779492
forgotten,-0.15180432914950714
support,-0.15289081175862804
darkness,-0.15357030144186923
adult,-0.1536367871365986
singer,-0.15500037730557836
celebrate,-0.15528404975156887
nashville,-0.15546161884461693
oz,-0.15642061578884522
cars,-0.15773092940453187
pit,-0.15973533664787073
health,-0.15984409201218502
favorite,-0.16063230260461953
organic,-0.16173159094173986
talk,-0.16205178620491065
floor,-0.16353190959395142
game,-0.16392490720528877
canadian,-0.16407676826975473
funny,-0.16450514181001213
diversity,-0.16455034010134206
anime,-0.16489702831146358
stuff,-0.1653655602098549
historic,-0.1659252371641076
humanity,-0.16645191709657894
operation,-0.16650956874231376
metal,-0.1674415363895615
cute,-0.16747106325667338
apps,-0.16860303686309114
disaster,-0.1689245109044673
race,-0.17075371964563368
tower,-0.1713985588755899
autumn,-0.17179936649945043
safe,-0.17283251566080088
ass,-0.17393319742661312
environmental,-0.17409079260611063
killer,-0.1749069030089571
parks,-0.1758454632598026
silent,-0.17684801829607313
lake,-0.1773054447182497
forever,-0.1774972023407693
solar,-0.17794419676649192
today,-0.17854298922337725
thomas,-0.17940146339505542
zone,-0.1805469543446975
effect,-0.18062920783969172
connect,-0.180721584247529
tail,-0.18079070217018853
pick,-0.18104133556421712
buy,-0.18263683118817367
grass,-0.18301370240642495
apocalyptic,-0.18320245580092806
shoot,-0.1834233458335066
movement,-0.18423817527120553
minds,-0.18436960953400638
organizer,-0.1853166856091692
weekend,-0.18536535072924104
geek,-0.18576493491090332
black,-0.18590156905729202
suit,-0.18644733371296338
search,-0.187264260546525
soaps,-0.18796752080924797
guys,-0.18802093450715984
player,-0.18808428543169448
secure,-0.1884975582814923
academy,-0.18909945143991153
study,-0.1891905435628172
tribute,-0.18928076905780963
cooler,-0.19078981505209985
rush,-0.19202720331343778
driver,-0.1926753931730184
journey,-0.19271168436543
squad,-0.19338428132199392
inch,-0.19469626583294694
autism,-0.1954844397398196
covers,-0.19639063916136984
rules,-0.19861052025276113
windows,-0.19879591336742272
schools,-0.19944841808660693
greatest,-0.20019162580183808
international,-0.20108757364559668
view,-0.20636354712709915
calling,-0.20643607318383622
bean,-0.20699772156745874
printed,-0.20725325835376138
hi,-0.20745334383165825
pole,-0.20759586199329333
awakening,-0.20981467672369078
match,-0.21010190354101654
apocalypse,-0.2109110954119735
hidden,-0.21106685266574238
using,-0.21138801704828492
aka,-0.21140568992396505
zombies,-0.21288897757962533
link,-0.21294353171277838
undead,-0.21494383551201782
backyard,-0.21497389471326964
burger,-0.2149927019595822
told,-0.21505708759209
balance,-0.21620465580569348
wrong,-0.21628523955433557
soft,-0.21835570237551097
great,-0.21946164943282032
truck,-0.21992105843642223
nightmare,-0.22053250965925258
novel,-0.2214222007756332
centre,-0.2214942354219286
scale,-0.22263349071723837
limited,-0.22282720198464992
paintings,-0.2228796553700366
common,-0.22358265451181294
trying,-0.22447183339911592
competition,-0.2245105120198347
alive,-0.22500135755328343
jump,-0.22799391600188118
wrap,-0.22829655195616774
green,-0.2288859773845697
venue,-0.22907535868993248
writing,-0.22960117049431192
need,-0.23082596307814676
clean,-0.23119616155069347
battle,-0.23164452343420763
gone,-0.23267600910245076
recovery,-0.2327829771563073
fallen,-0.23572395376761274
generator,-0.2372706204378786
colorado,-0.23794906133790678
positive,-0.238267415559909
country,-0.23990803441728886
group,-0.24012276623431586
eve,-0.24101425805393759
fund,-0.24159439496481344
man,-0.2418599245378134
miami,-0.2424557864427502
funk,-0.24266621127185042
england,-0.24322679190665378
cake,-0.24359932403653428
suicide,-0.24498718519549254
friends,-0.24502541820117063
really,-0.24520297795881704
faces,-0.24565616054759631
list,-0.24575718972188307
amazing,-0.24576333790557828
killing,-0.24642850124460325
instant,-0.24656815219153405
jam,-0.24690743183336833
kitty,-0.24825166100987822
ca,-0.2484450810964214
native,-0.2511374971285367
try,-0.25360193969359485
hell,-0.2538166106372163
kings,-0.2554456280558076
past,-0.25589829112924156
guitars,-0.2570797795707648
stage,-0.2574971059008212
guardian,-0.25872101832836675
police,-0.25899333024889265
mobile,-0.25974832071647913
cover,-0.2599745921320308
harmony,-0.26018209159470507
internet,-0.2603219346581307
heaven,-0.26044916887630154
crystal,-0.2607458672993806
sand,-0.2607802207199771
evil,-0.2634319752775505
jones,-0.2636192889799239
sounds,-0.26647650342497486
window,-0.26687225135250353
spot,-0.26744623432275094
soccer,-0.26745468439699377
ohio,-0.26751620099843254
review,-0.268259534264986
skateboards,-0.2686721656751198
care,-0.2689401336244032
chic,-0.2697597526327323
rebel,-0.27105797351981864
hunting,-0.2723402631415168
fans,-0.2725379686054782
adventures,-0.2726550632691184
saving,-0.27290267045947164
bands,-0.27296174306119736
mad,-0.27405218743816157
music,-0.27461444325581347
thoughts,-0.2752571180456306
agent,-0.27629619255992993
helmet,-0.2781499951485351
spirit,-0.27925341178362384
pour,-0.27927330105984316
healing,-0.27982718068721485
educational,-0.28033536614569005
flag,-0.2819644336361978
peace,-0.2821681848857267
gift,-0.28256040772152397
garage,-0.28373319939623703
escape,-0.28393591091904996
help,-0.284258413865459
birth,-0.2855730598354701
phantom,-0.2856500603263735
brother,-0.286673744201871
break,-0.2884838094906955
ball,-0.2889570323607798
creativity,-0.28914858909432195
stand,-0.2907125684404208
gamer,-0.29082559261708524
blues,-0.2927118758997505
frozen,-0.2927578175499085
knight,-0.2941907787520549
drum,-0.2950679631880311
empire,-0.2953890653372913
america,-0.2971210047777225
flavor,-0.2978374359675168
sick,-0.2981315344646404
cross,-0.29938336202822924
driven,-0.3004568054930063
lounge,-0.30066588668122274
memories,-0.3007607901567607
family,-0.30122574631069865
idea,-0.30122750100578516
shower,-0.3015365860921419
remember,-0.30224304408422054
expo,-0.30279321233496603
pursuit,-0.3037192999282494
site,-0.3039186789851505
electronic,-0.3046778558339044
route,-0.3051817681721404
halloween,-0.3057378261460705
alien,-0.3075948143419927
artistic,-0.3077448857652484
demand,-0.30913698072665574
origin,-0.3095183568066791
think,-0.3100772785269305
dollar,-0.310589042729344
creating,-0.31147450497614015
engine,-0.3126938623553344
wedding,-0.31277428887865516
series,-0.31298016398732476
unique,-0.3151255484907242
war,-0.3159713315520279
rack,-0.3165497148830928
prince,-0.3182266839383091
forward,-0.3183075320446852
crazy,-0.31844062813057084
games,-0.3184830078853031
stay,-0.3190702654998495
sauces,-0.3205072337979822
sculptures,-0.32118075743674906
face,-0.3223492740379965
publish,-0.3229222806555317
skate,-0.324018029485391
madness,-0.32408497120918606
butterfly,-0.3245141098481307
god,-0.32537558873215233
hood,-0.325530091948951
maze,-0.3266629988631478
shirt,-0.32701204384179383
father,-0.3274427025037534
violence,-0.3278287454034882
decor,-0.3295164681221704
johnson,-0.3315008779130051
fear,-0.3329041834758779
text,-0.3338837747397826
plays,-0.33437717623395147
reach,-0.33540506802666575
performing,-0.3358186396434273
legend,-0.33623578281704464
memorial,-0.336274930644613
grind,-0.3383721739553736
parents,-0.3387271224411109
johnny,-0.3397912849696508
capital,-0.3401132340433319
trailer,-0.3401158485636895
ready,-0.34111370671009744
protect,-0.3414246661852856
hats,-0.34229999621167007
daddy,-0.3446858595662895
candle,-0.345142161134205
program,-0.3452227527237156
crowd,-0.3452878067310651
cupcake,-0.3479217003881971
math,-0.34970759175142374
knowledge,-0.34981172850918274
therapy,-0.35016262172869234
em,-0.3541003705078293
indoor,-0.3551639679118999
wear,-0.35606303732299294
private,-0.35670545953068566
difference,-0.35717011497901935
college,-0.3585810039806153
trading,-0.35978944132111224
arena,-0.3598146072000561
barn,-0.3603064226985138
tee,-0.3603559798359061
sign,-0.36266985166380017
baseball,-0.36335381485317636
path,-0.36361580882880623
imagination,-0.3658283542587025
creation,-0.36628372088185174
profit,-0.3668052294606516
weight,-0.36903721621985963
fate,-0.3714402197584645
inspiration,-0.3721063042268278
midwest,-0.3734257559003126
training,-0.37696447199867134
louis,-0.3793862889316355
putting,-0.3808256046926789
case,-0.3810786867469953
angel,-0.3822134836763282
pong,-0.3835432002606618
soul,-0.38537757524355204
voice,-0.3854852889153599
coast,-0.3859847268734001
platform,-0.3861445956635664
education,-0.3861544764364391
songwriter,-0.38727994307069474
radio,-0.3872870738178762
christmas,-0.38753459533320256
snap,-0.3878393037576858
soldier,-0.38813457489539477
tears,-0.38880976553844876
nation,-0.38897883585387333
professional,-0.3894345339118928
tony,-0.3894932599789618
captain,-0.3903014844473391
dogs,-0.39097312093974457
car,-0.39365219491290626
redemption,-0.394755112569006
hockey,-0.39534874633780615
law,-0.3963921966113825
data,-0.39645072938249765
legacy,-0.39688017486617805
teaching,-0.397471540276403
cultural,-0.3990722203923349
cooking,-0.40020557465007534
cases,-0.40076472899917537
italy,-0.4021250331865599
television,-0.4022892969648539
fashion,-0.40384216398327183
videos,-0.4043881839820801
beauty,-0.4049058805987098
photographer,-0.40544065500399834
independent,-0.4055109336351566
spanish,-0.40558151648613694
occupy,-0.40670895886813696
gun,-0.40707440323349575
karma,-0.40796536355067264
cookies,-0.4082554118748087
late,-0.40831475388948774
angry,-0.4090974661851094
culinary,-0.410556710995358
just,-0.41215213126490857
solid,-0.4132983767500524
produce,-0.4133889829963893
growth,-0.4152188223794865
virginia,-0.417283128428311
money,-0.41800446165349076
shirts,-0.42027823629533256
getting,-0.42330334934809705
comic,-0.4246038793152922
destiny,-0.42495851706603643
message,-0.42517140795362474
indie,-0.4314517307580727
exclusive,-0.43296598677789655
android,-0.4364290525458196
racing,-0.4371832765122626
musicians,-0.4387628710336538
heat,-0.43877002350868366
chronicles,-0.43925550406399305
alpha,-0.43984901231495
bass,-0.44142717219967004
delivery,-0.44351718795786016
raising,-0.4444010573480935
random,-0.44467890417359884
gypsy,-0.4448966167607018
candy,-0.44491168396628095
walker,-0.4463668067112061
teens,-0.44740722645858094
hollywood,-0.44804704408440615
designer,-0.4488601532726984
collectible,-0.44933582134203454
catch,-0.44982855979373154
gear,-0.45007915260333603
write,-0.4533140457731826
pictures,-0.4550958744106932
vehicle,-0.45708665813200444
warriors,-0.45949027314053026
simply,-0.4634856018719519
australian,-0.4635735672039596
traveling,-0.46376613075361817
drama,-0.4639524299599
meal,-0.4643917453401831
software,-0.4652328018468134
photography,-0.4667554220245845
gym,-0.46921563588991605
eco,-0.46973028071078454
souls,-0.4702746370308398
aquaponics,-0.47092756445846656
jobs,-0.47255679884283014
concept,-0.47394806874278067
sticker,-0.4752498355306038
survivor,-0.47636851536722946
forget,-0.47930271863696217
greeting,-0.4802110130944098
genesis,-0.4845154154676358
texas,-0.4847101986218529
dawn,-0.4857893123900514
rich,-0.4864638440156393
foundation,-0.48674611988244443
studios,-0.48959786020655166
chain,-0.49015861762839347
trip,-0.4919501431529324
scotland,-0.4945628048945149
location,-0.49541497584095145
survival,-0.4969312404909576
diary,-0.4981672957764083
life,-0.5016480608771847
themed,-0.5027229948301234
grip,-0.5046150275983223
hop,-0.505317528521705
dreams,-0.5064283684006063
trilogy,-0.5065970878037178
ashes,-0.5073590250568915
platformer,-0.5081548780770908
african,-0.5094185157663766
elite,-0.5109621246548861
exciting,-0.5117381205578202
defense,-0.5131617805725185
service,-0.5147823526027553
angels,-0.5148228243115325
check,-0.5156511677303592
zombie,-0.5206802088933646
pets,-0.5228001966303225
mind,-0.52350042375227
lessons,-0.5239779022819824
solutions,-0.5239924442815117
fishing,-0.524227347797735
fun,-0.5258166814184579
southern,-0.53135488430823
aid,-0.5339178221544094
truth,-0.5341108054233845
dream,-0.5358973340337391
army,-0.5403600357187711
united,-0.5406866115747132
artist,-0.5410386608875072
flow,-0.5419583545326505
faith,-0.5425218874355395
win,-0.5431120563435945
fan,-0.5451355313341877
bubble,-0.5455877602620013
dancing,-0.5465981175857622
saga,-0.5483432528783299
wrestling,-0.5501256015313931
cosplay,-0.5525213984807488
demons,-0.5527177488839932
recipe,-0.5529354538401177
wars,-0.5544676059291592
deadly,-0.5552467902620624
confessions,-0.5552512626292816
called,-0.5564016691910039
reality,-0.5566512859431344
based,-0.556790396366276
motorcycle,-0.5568679895671854
military,-0.5572613655955533
uk,-0.5580584437862792
mom,-0.5587292646433956
producer,-0.5600122458596744
stock,-0.5602364933952213
parody,-0.5606977812651648
fat,-0.5623779567605333
date,-0.5633363137725257
worldwide,-0.5643986146507651
facebook,-0.5653035199198061
revenge,-0.5695519575654798
apple,-0.5697805382056367
apparel,-0.5698412458141393
twisted,-0.5720327357818514
real,-0.5729655330638561
simulator,-0.5736569188165419
frames,-0.5758401821987833
media,-0.576298052795206
fruit,-0.5776093492825609
designs,-0.5777861541327349
sharing,-0.5781466243509263
political,-0.578388502258817
compilation,-0.5785853608508589
single,-0.5794736338854172
fame,-0.5804785806238599
use,-0.5825784886080221
grandma,-0.5825968613465218
miracle,-0.5845035792833705
football,-0.5880886970178579
atlanta,-0.5908926420562766
detective,-0.592014364742734
chicken,-0.5952909804491023
basketball,-0.5973671697046511
league,-0.5987377871869316
artwork,-0.6001419690728313
brand,-0.6028004061924886
gaming,-0.6043299937846837
choice,-0.6043622310877214
closet,-0.6050602198870686
civil,-0.6054573757243725
poker,-0.6069941499269024
published,-0.6078306536032136
terror,-0.6081170256423656
event,-0.6096523687428117
taco,-0.6176329898330609
author,-0.6204845611748243
holder,-0.6226532642294711
giving,-0.6237499528065186
addiction,-0.624488815735374
publishing,-0.6248296183030001
da,-0.6368488204009999
freedom,-0.6397034158619128
puzzle,-0.6411745823643209
handle,-0.6412676523908147
bacon,-0.6430366043790366
tv,-0.6432273977969512
distribution,-0.6470187170787466
abuse,-0.648215198550739
moments,-0.6495019038621052
veterans,-0.6508964363955575
want,-0.6513015757647541
looking,-0.6527561554545432
keeping,-0.654575392160254
perspective,-0.6611770185409158
healthy,-0.6633929561395319
discover,-0.6664799044776911
passion,-0.6727491119018727
nerd,-0.673781397427864
extreme,-0.6764947600720579
cell,-0.6841169291833338
las,-0.6858145878683475
largest,-0.6868162425429052
sport,-0.6936139345444654
dirt,-0.6941077020499204
bank,-0.6951391662740264
demo,-0.7019812036600565
pet,-0.7034160061928726
couture,-0.7039505708545514
emergency,-0.7065828385140387
images,-0.7092716350832923
talent,-0.711181282632955
surviving,-0.7112869166586231
challenge,-0.7147374136199728
product,-0.7148255505230753
jesus,-0.7245077466243274
painted,-0.7250727718291695
beginnings,-0.7260326997105743
donald,-0.729142352102611
caribbean,-0.7335377168455546
bullying,-0.7377066820576164
custom,-0.7406185822950686
hair,-0.7415376403177883
safety,-0.7447072399166491
bath,-0.7467529177004592
turning,-0.7485830937845661
salsa,-0.7511747770619919
furniture,-0.7522073420532169
buddy,-0.7527030343683013
drinking,-0.7534093434859249
image,-0.7649776158988032
candles,-0.765711856158383
merch,-0.7659977322948551
diamond,-0.771541702577268
paint,-0.7716222282139226
tees,-0.7728872987318522
recipes,-0.7730069427405202
cartoon,-0.7872925939508959
gourmet,-0.7877777910906628
gifts,-0.788024318464272
filming,-0.7917663275966295
news,-0.7952088815139237
baked,-0.7994520799548036
sexy,-0.8020659366175721
business,-0.8041056208806155
productions,-0.804684868453237
christ,-0.8080767793837405
social,-0.8144922995134425
cost,-0.8168279942564906
cuisine,-0.8187447867327814
online,-0.8220227043432206
balls,-0.8221568924697641
ios,-0.8228734184755961
development,-0.8236537809854205
fitness,-0.828245524791541
treasures,-0.828338542749386
launching,-0.8316460298678157
canvas,-0.8386075949673762
toilet,-0.8410510576543231
unity,-0.8619611332523767
gang,-0.8751132511012127
president,-0.8755735390844428
medical,-0.8767819379895649
treats,-0.8792813370875746
lets,-0.8815418854145245
spiritual,-0.8823178266995523
org,-0.8964466117219868
cakes,-0.9037401232107026
beginning,-0.918867402606318
shooter,-0.9197527957928711
titled,-0.9262935067808243
cosmetics,-0.929865653076575
funding,-0.9331513764837471
boutique,-0.9367903786934556
abstract,-0.9408028349994207
shopping,-0.9484343374450143
catering,-0.9503182800297484
hip,-0.9554677930085673
crochet,-0.9647713277365806
vegas,-0.9658609733743838
multiplayer,-0.966632087954624
management,-0.9696582412409886
products,-0.9712074368659073
server,-0.9750616805358837
gospel,-0.9782449881305755
crafts,-0.9798940836879813
items,-0.9850353084198509
fried,-0.9903056982432786
needed,-0.9948971856367184
veteran,-1.0168474902226006
homeless,-1.0220636452782295
sell,-1.0298547092097456
chess,-1.0309403361508724
llc,-1.0343142573830764
services,-1.0512674065084593
bbq,-1.0543498820025032
tattoo,-1.0656658479863894
streetwear,-1.0854570665407213
potato,-1.089236456922601
clothing,-1.1046505527395638
prototype,-1.1112179013164862
www,-1.1124713236618435
start,-1.1126789141049644
label,-1.1229769418764732
net,-1.134948433422092
channel,-1.1385301590853172
equipment,-1.1454514011637194
startup,-1.1555808760254356
helping,-1.1729536807006362
rap,-1.1817115522864814
sports,-1.1826591492686258
awareness,-1.1892730743866788
christian,-1.1947667224871408
dating,-1.2183999227897262
mmorpg,-1.2246274700459734
events,-1.2382125204509922
budget,-1.2441988788565435
application,-1.2577671724782045
haunted,-1.2610484496362766
creations,-1.2618553500391287
golf,-1.262187833656634
manga,-1.2653652134648445
promo,-1.280857468003363
pokemon,-1.300018950769126
marketing,-1.3162227762573557
entertainment,-1.3230007917820457
cupcakes,-1.3293170050009808
salad,-1.3332356180480698
personalized,-1.3411034792670848
website,-1.3568381434509087
childrens,-1.3600713341837465
network,-1.361923590960965
minecraft,-1.4366356381611263
florida,-1.450837208992887
blog,-1.4654182873719748
success,-1.4721511982921653
promotion,-1.4949149424473327
trump,-1.5043912195316735
starting,-1.5311363039880193
reviews,-1.5998992937803824
mixtape,-1.6044056428356825
career,-1.6472169873880331
homemade,-1.6663594023950055
com,-1.6912862531943065
contest,-1.6958603904051572
app,-1.76052065671353
dj,-1.9083354582514598
paranormal,-2.1920529408781646
youtube,-2.622456606643386
